{"cameraMode":{"drawMode":0,"name":"Shaded","section":"Shading Mode"},"sceneLighting":true,"audioPlay":false,"sceneViewState":{"showFog":true,"showMaterialUpdate":false,"showSkybox":true,"showFlares":true,"showImageEffects":true,"showParticleSystems":true},"in2DMode":false,"pivot":{"x":18.70460319519043,"y":-52.17345428466797,"z":288.15521240234377},"rotation":{"x":-0.15109704434871674,"y":-0.041541688144207,"z":0.006358274724334478,"w":-0.9876523613929749},"size":352.6054382324219,"orthographic":false}