{"cameraMode":{"drawMode":0,"name":"Shaded","section":"Shading Mode"},"sceneLighting":true,"audioPlay":false,"sceneViewState":{"showFog":true,"showMaterialUpdate":false,"showSkybox":true,"showFlares":true,"showImageEffects":true,"showParticleSystems":true},"in2DMode":false,"pivot":{"x":63.72642517089844,"y":-12.028732299804688,"z":243.80699157714845},"rotation":{"x":-0.05276890844106674,"y":-0.02549705281853676,"z":0.0013425053330138326,"w":-0.9982997179031372},"size":339.4796447753906,"orthographic":false}