{"cameraMode":{"drawMode":0,"name":"Shaded","section":"Shading Mode"},"sceneLighting":true,"audioPlay":false,"sceneViewState":{"showFog":true,"showMaterialUpdate":false,"showSkybox":true,"showFlares":true,"showImageEffects":true,"showParticleSystems":true},"in2DMode":false,"pivot":{"x":-11.260334014892579,"y":5.687745571136475,"z":107.33157348632813},"rotation":{"x":-0.012307670898735524,"y":-0.018034478649497033,"z":0.00021232131985016167,"w":-0.9997875094413757},"size":126.21321868896485,"orthographic":false}