{"cameraMode":{"drawMode":0,"name":"Shaded","section":"Shading Mode"},"sceneLighting":true,"audioPlay":false,"sceneViewState":{"showFog":true,"showMaterialUpdate":false,"showSkybox":true,"showFlares":true,"showImageEffects":true,"showParticleSystems":true},"in2DMode":false,"pivot":{"x":107.06317138671875,"y":-1006.147216796875,"z":277.0281677246094},"rotation":{"x":-0.25032225251197817,"y":-0.7238186001777649,"z":0.32743602991104128,"w":-0.5534180402755737},"size":587.1985473632813,"orthographic":false}