{"cameraMode":{"drawMode":0,"name":"Shaded","section":"Shading Mode"},"sceneLighting":true,"audioPlay":false,"sceneViewState":{"showFog":true,"showMaterialUpdate":false,"showSkybox":true,"showFlares":true,"showImageEffects":true,"showParticleSystems":true},"in2DMode":false,"pivot":{"x":21.810989379882814,"y":-3.5866270065307619,"z":130.0979461669922},"rotation":{"x":-0.06289052963256836,"y":0.6125718355178833,"z":-0.04899955913424492,"w":-0.7863947153091431},"size":79.18138122558594,"orthographic":false}